phone,lng,lat,is delivered,created at,updated at,id
(836) 345-0897 x0638,-149.2785,40.2521,,2018-03-19 16:00:02 UTC,2018-03-19 16:00:02 UTC,3866
(034) 418-2853 x99372,99.4222,-18.2556,true,2018-03-19 16:00:03 UTC,2018-03-19 16:00:03 UTC,3867
(237) 201-4279 x22086,173.8817,-72.8314,true,2018-03-19 16:00:05 UTC,2018-03-19 16:00:05 UTC,3868
673.152.2000 x6906,-8.1444,9.2817,,2018-03-19 16:00:10 UTC,2018-03-19 16:00:10 UTC,3869
1-951-775-1554 x813,-25.8394,4.079,true,2018-03-19 16:00:11 UTC,2018-03-19 16:00:11 UTC,3870
1-287-075-1974 x477,-176.5672,-63.6326,true,2018-03-19 16:00:13 UTC,2018-03-19 16:00:13 UTC,3871
1-670-384-7573 x87163,-75.8078,0.7767,true,2018-03-19 16:00:17 UTC,2018-03-19 16:00:17 UTC,3872
899.978.1634 x08207,11.7587,73.0543,,2018-03-19 16:00:19 UTC,2018-03-19 16:00:19 UTC,3873
1-328-514-4969 x826,-89.934,47.9222,true,2018-03-19 16:00:24 UTC,2018-03-19 16:00:24 UTC,3874
826.746.2584 x8167,-143.0072,-51.5124,,2018-03-19 16:00:25 UTC,2018-03-19 16:00:25 UTC,3875
934.004.9870 x65141,-36.3153,-46.5341,,2018-03-19 16:00:30 UTC,2018-03-19 16:00:30 UTC,3876
415.532.5693 x99505,-94.1606,-9.9859,,2018-03-19 16:00:33 UTC,2018-03-19 16:00:33 UTC,3877
318.999.6841 x147,-37.9102,-50.1833,,2018-03-19 16:00:34 UTC,2018-03-19 16:00:34 UTC,3878
262.040.1484,-43.87,69.4965,,2018-03-19 16:00:38 UTC,2018-03-19 16:00:38 UTC,3879
250.357.1857 x34416,64.8475,-16.5247,,2018-03-19 16:00:41 UTC,2018-03-19 16:00:41 UTC,3880
(389) 423-9648 x6912,125.7652,29.6732,,2018-03-19 16:00:44 UTC,2018-03-19 16:00:44 UTC,3881
1-890-283-9539 x2421,-146.6194,-79.9274,,2018-03-19 16:00:45 UTC,2018-03-19 16:00:45 UTC,3882
(023) 771-0543,-25.7648,-68.7829,true,2018-03-19 16:00:47 UTC,2018-03-19 16:00:47 UTC,3883
1-169-802-1327 x0457,164.5837,52.884,,2018-03-19 16:00:48 UTC,2018-03-19 16:00:48 UTC,3884
1-007-114-1551 x83765,14.2967,-15.4851,,2018-03-19 16:00:51 UTC,2018-03-19 16:00:51 UTC,3885
(769) 260-1118 x7927,91.937,-50.6854,,2018-03-19 16:00:52 UTC,2018-03-19 16:00:52 UTC,3886
(096) 849-8622 x3520,128.7781,-31.0766,true,2018-03-19 16:00:54 UTC,2018-03-19 16:00:54 UTC,3887
585-726-4907,-162.4606,72.3194,,2018-03-19 16:00:57 UTC,2018-03-19 16:00:57 UTC,3888
1-867-267-6007,-172.4169,13.8105,,2018-03-19 16:00:58 UTC,2018-03-19 16:00:58 UTC,3889
1-406-355-6391 x0921,115.8264,-85.2161,,2018-03-19 16:00:59 UTC,2018-03-19 16:00:59 UTC,3890
108-742-8952,37.6076,80.1494,true,2018-03-19 16:01:03 UTC,2018-03-19 16:01:03 UTC,3891
931.671.6278,88.9538,55.9759,,2018-03-19 16:01:06 UTC,2018-03-19 16:01:06 UTC,3892
254.429.4355 x8687,-63.7665,-43.4852,,2018-03-19 16:01:09 UTC,2018-03-19 16:01:09 UTC,3893
(027) 761-4700,110.3278,-2.54,,2018-03-19 16:01:10 UTC,2018-03-19 16:01:10 UTC,3894
(642) 340-4364,-106.3682,27.9317,,2018-03-19 16:01:12 UTC,2018-03-19 16:01:12 UTC,3895
593.094.7100,34.3669,1.6775,,2018-03-19 16:01:15 UTC,2018-03-19 16:01:15 UTC,3896
(080) 814-1381 x939,47.1931,-32.929,true,2018-03-19 16:01:16 UTC,2018-03-19 16:01:16 UTC,3897
1-097-616-5017,-85.489,-81.0314,true,2018-03-19 16:01:19 UTC,2018-03-19 16:01:19 UTC,3898
(635) 310-6954 x463,149.0056,-72.9402,,2018-03-19 16:01:21 UTC,2018-03-19 16:01:21 UTC,3899
566-926-6361 x6128,6.4122,88.4354,true,2018-03-19 16:01:24 UTC,2018-03-19 16:01:24 UTC,3900
(464) 626-9104 x455,-49.2753,57.4552,true,2018-03-19 16:01:25 UTC,2018-03-19 16:01:25 UTC,3901
667-510-0334,44.6059,-47.8236,,2018-03-19 16:01:27 UTC,2018-03-19 16:01:27 UTC,3902
122.398.4124 x75139,-74.275,5.702,true,2018-03-19 16:01:28 UTC,2018-03-19 16:01:28 UTC,3903
(206) 747-3205 x90146,16.291,71.6217,true,2018-03-19 16:01:31 UTC,2018-03-19 16:01:31 UTC,3904
549-914-4055,-140.0284,-48.7026,true,2018-03-19 16:01:35 UTC,2018-03-19 16:01:35 UTC,3905
(234) 494-4618,64.16,-40.2572,true,2018-03-19 16:01:37 UTC,2018-03-19 16:01:37 UTC,3906
374.532.3409 x029,43.6849,-89.7934,true,2018-03-19 16:01:38 UTC,2018-03-19 16:01:38 UTC,3907
(373) 811-3406 x825,-151.8485,-47.9555,,2018-03-19 16:01:39 UTC,2018-03-19 16:01:39 UTC,3908
996-079-5116,33.3235,57.9013,true,2018-03-19 16:01:42 UTC,2018-03-19 16:01:42 UTC,3909
784-196-4532,-105.0172,87.8102,true,2018-03-19 16:01:44 UTC,2018-03-19 16:01:44 UTC,3910
711.153.1894 x24584,-47.8159,-89.097,true,2018-03-19 16:01:47 UTC,2018-03-19 16:01:47 UTC,3911
664.482.0703,22.778,-35.1841,,2018-03-19 16:01:48 UTC,2018-03-19 16:01:48 UTC,3912
1-706-754-9585 x7401,-26.1122,6.6153,true,2018-03-19 16:01:49 UTC,2018-03-19 16:01:49 UTC,3913
190.646.7948,83.3239,-15.7818,true,2018-03-19 16:01:50 UTC,2018-03-19 16:01:50 UTC,3914
477.571.9827 x16276,62.8047,-17.8334,true,2018-03-19 16:01:54 UTC,2018-03-19 16:01:54 UTC,3915
820.215.8355 x00127,144.3194,-12.7379,true,2018-03-19 16:01:55 UTC,2018-03-19 16:01:55 UTC,3916
(998) 268-6276 x50268,90.5004,85.7974,,2018-03-19 16:01:56 UTC,2018-03-19 16:01:56 UTC,3917
(043) 797-7601 x87233,-171.4601,4.1184,,2018-03-19 16:01:58 UTC,2018-03-19 16:01:58 UTC,3918
050.465.4278 x876,-106.8811,85.908,,2018-03-19 16:02:02 UTC,2018-03-19 16:02:02 UTC,3919
149.579.5028 x230,-134.2629,44.2691,,2018-03-19 16:02:04 UTC,2018-03-19 16:02:04 UTC,3920
(321) 692-1321 x424,-169.47,-43.8592,true,2018-03-19 16:02:05 UTC,2018-03-19 16:02:05 UTC,3921
531.963.1985 x24901,159.3528,64.7695,true,2018-03-19 16:02:08 UTC,2018-03-19 16:02:08 UTC,3922
1-545-506-9991,-105.2263,30.5937,true,2018-03-19 16:02:13 UTC,2018-03-19 16:02:13 UTC,3923
(587) 044-4087 x90915,152.0924,-25.7961,true,2018-03-19 16:02:15 UTC,2018-03-19 16:02:15 UTC,3924
473.136.3387 x307,31.6213,48.9842,true,2018-03-19 16:02:16 UTC,2018-03-19 16:02:16 UTC,3925
518.196.3117,-175.1039,0.0471,true,2018-03-19 16:02:18 UTC,2018-03-19 16:02:18 UTC,3926
1-148-630-7194 x6713,-33.5697,-4.3806,,2018-03-19 16:02:21 UTC,2018-03-19 16:02:21 UTC,3927
415-910-0072 x777,-22.076,80.3676,,2018-03-19 16:02:22 UTC,2018-03-19 16:02:22 UTC,3928
(233) 887-5279 x638,134.8984,30.4274,,2018-03-19 16:02:25 UTC,2018-03-19 16:02:25 UTC,3929
1-489-249-8487 x14653,108.394,-35.4143,,2018-03-19 16:02:29 UTC,2018-03-19 16:02:29 UTC,3930
1-361-882-5698,-169.1611,66.6071,true,2018-03-19 16:02:30 UTC,2018-03-19 16:02:30 UTC,3931
1-002-608-4528,-60.2861,-7.3335,true,2018-03-19 16:02:32 UTC,2018-03-19 16:02:32 UTC,3932
(378) 077-0444 x5461,3.1198,44.1746,,2018-03-19 16:02:35 UTC,2018-03-19 16:02:35 UTC,3933
495-839-2103,-30.0074,88.1336,,2018-03-19 16:02:38 UTC,2018-03-19 16:02:38 UTC,3934
(974) 610-7243 x33526,131.2727,-87.5366,true,2018-03-19 16:02:40 UTC,2018-03-19 16:02:40 UTC,3935
662.692.1698 x66672,111.2976,-21.5152,true,2018-03-19 16:02:41 UTC,2018-03-19 16:02:41 UTC,3936
526-595-5121 x105,29.6562,70.6837,true,2018-03-19 16:02:45 UTC,2018-03-19 16:02:45 UTC,3937
1-835-680-5306 x49776,-86.792,49.2291,true,2018-03-19 16:02:46 UTC,2018-03-19 16:02:46 UTC,3938
544-757-1387 x2012,-65.43,85.4093,true,2018-03-19 16:02:47 UTC,2018-03-19 16:02:47 UTC,3939
1-613-130-8214 x136,44.7307,11.1026,,2018-03-19 16:02:50 UTC,2018-03-19 16:02:50 UTC,3940
1-064-099-2328,154.2145,-63.3383,,2018-03-19 16:02:52 UTC,2018-03-19 16:02:52 UTC,3941
1-127-223-5449 x4869,30.6822,35.7736,true,2018-03-19 16:02:53 UTC,2018-03-19 16:02:53 UTC,3942
290.944.3140 x79163,126.0373,-41.6012,true,2018-03-19 16:02:56 UTC,2018-03-19 16:02:56 UTC,3943
1-207-832-4044,9.7557,-12.4458,,2018-03-19 16:02:58 UTC,2018-03-19 16:02:58 UTC,3944
(369) 882-0536 x58480,106.6337,36.2443,true,2018-03-19 16:03:01 UTC,2018-03-19 16:03:01 UTC,3945
1-066-320-7026,-16.9141,45.0692,,2018-03-19 16:03:02 UTC,2018-03-19 16:03:02 UTC,3946
(397) 256-0682,164.05,-36.8734,true,2018-03-19 16:03:04 UTC,2018-03-19 16:03:04 UTC,3947
322-377-1401 x44966,-172.4306,9.0738,,2018-03-19 16:03:07 UTC,2018-03-19 16:03:07 UTC,3948
1-509-931-9017 x010,-97.7538,-25.4354,,2018-03-19 16:03:12 UTC,2018-03-19 16:03:12 UTC,3949
888-672-4147 x78233,2.5761,-88.3907,,2018-03-19 16:03:13 UTC,2018-03-19 16:03:13 UTC,3950
(704) 124-1710,-106.2674,-52.116,,2018-03-19 16:03:14 UTC,2018-03-19 16:03:14 UTC,3951
(035) 699-0577 x4165,-170.2263,19.9203,true,2018-03-19 16:03:16 UTC,2018-03-19 16:03:16 UTC,3952
(465) 217-6946 x65868,166.4787,89.5076,,2018-03-19 16:03:21 UTC,2018-03-19 16:03:21 UTC,3953
874-311-3888 x84104,-137.945,-77.738,true,2018-03-19 16:03:22 UTC,2018-03-19 16:03:22 UTC,3954
546-270-8015 x94005,-124.1315,-64.5884,,2018-03-19 16:03:23 UTC,2018-03-19 16:03:23 UTC,3955
496.767.0353 x730,115.5629,39.9169,true,2018-03-19 16:03:26 UTC,2018-03-19 16:03:26 UTC,3956
(434) 297-5797 x5453,125.6742,78.5438,true,2018-03-19 16:03:28 UTC,2018-03-19 16:03:28 UTC,3957
(299) 947-2789,-120.0016,-51.8735,,2018-03-19 16:03:29 UTC,2018-03-19 16:03:29 UTC,3958
(162) 887-5620,105.4189,-88.8961,,2018-03-19 16:03:31 UTC,2018-03-19 16:03:31 UTC,3959
170.628.4433 x6315,115.541,55.7824,,2018-03-19 16:03:34 UTC,2018-03-19 16:03:34 UTC,3960
(523) 040-7656,48.8052,16.6762,,2018-03-19 16:03:35 UTC,2018-03-19 16:03:35 UTC,3961
1-974-130-0603,-137.5039,-81.9669,,2018-03-19 16:03:36 UTC,2018-03-19 16:03:36 UTC,3962
1-569-061-2995,-82.6982,-30.8296,,2018-03-19 16:03:39 UTC,2018-03-19 16:03:39 UTC,3963
(446) 905-2417 x022,-16.4822,69.9221,true,2018-03-19 16:03:42 UTC,2018-03-19 16:03:42 UTC,3964
1-286-918-7681 x2808,45.6949,20.4043,,2018-03-19 16:03:44 UTC,2018-03-19 16:03:44 UTC,3965
051.704.1303 x0392,-15.318,86.7124,true,2018-03-19 16:03:48 UTC,2018-03-19 16:03:48 UTC,3966
(158) 610-1115,-152.2362,-17.274,,2018-03-19 16:03:50 UTC,2018-03-19 16:03:50 UTC,3967
1-539-426-6392 x0092,68.558,-32.4969,,2018-03-19 16:03:54 UTC,2018-03-19 16:03:54 UTC,3968
132.893.2333 x88141,-109.0521,-46.3038,true,2018-03-19 16:03:56 UTC,2018-03-19 16:03:56 UTC,3969
(984) 428-2832 x207,109.7784,81.3004,,2018-03-19 16:03:57 UTC,2018-03-19 16:03:57 UTC,3970
(384) 734-4567,73.4672,19.8298,true,2018-03-19 16:03:59 UTC,2018-03-19 16:03:59 UTC,3971
643-706-5936,12.0164,-85.0329,,2018-03-19 16:04:02 UTC,2018-03-19 16:04:02 UTC,3972
1-424-153-5552,-96.1629,-35.5585,true,2018-03-19 16:04:03 UTC,2018-03-19 16:04:03 UTC,3973
(353) 652-7571 x544,-67.0559,34.7079,true,2018-03-19 16:04:08 UTC,2018-03-19 16:04:08 UTC,3974
100.935.1406 x742,55.1658,-43.5676,,2018-03-19 16:04:11 UTC,2018-03-19 16:04:11 UTC,3975
603-001-9818,-6.2054,68.2308,true,2018-03-19 16:04:13 UTC,2018-03-19 16:04:13 UTC,3976
(740) 904-3103 x751,-33.6685,-14.2506,true,2018-03-19 16:04:16 UTC,2018-03-19 16:04:16 UTC,3977
(160) 210-5924,-140.5819,87.6635,true,2018-03-19 16:04:17 UTC,2018-03-19 16:04:17 UTC,3978
147-588-2283,131.9124,63.0428,true,2018-03-19 16:04:20 UTC,2018-03-19 16:04:20 UTC,3979
1-931-280-4017 x9166,-46.468,7.11,,2018-03-19 16:04:21 UTC,2018-03-19 16:04:21 UTC,3980
(990) 008-1941 x817,53.8447,24.8642,,2018-03-19 16:04:23 UTC,2018-03-19 16:04:23 UTC,3981
(251) 819-0998,-179.6363,82.3844,true,2018-03-19 16:04:24 UTC,2018-03-19 16:04:24 UTC,3982
116-652-3034,-68.0639,-2.4635,true,2018-03-19 16:04:27 UTC,2018-03-19 16:04:27 UTC,3983
095-927-7002,12.2915,32.7261,true,2018-03-19 16:04:29 UTC,2018-03-19 16:04:29 UTC,3984
(339) 390-1834,25.4421,77.9361,true,2018-03-19 16:04:30 UTC,2018-03-19 16:04:30 UTC,3985
728.025.2809 x61725,56.0735,8.013,,2018-03-19 16:04:31 UTC,2018-03-19 16:04:31 UTC,3986
(049) 668-9396 x66910,-176.652,-14.4759,true,2018-03-19 16:04:35 UTC,2018-03-19 16:04:35 UTC,3987
412-241-6559 x96394,11.93,-8.9783,,2018-03-19 16:04:36 UTC,2018-03-19 16:04:36 UTC,3988
622.133.8575 x3382,13.2423,-39.9841,,2018-03-19 16:04:39 UTC,2018-03-19 16:04:39 UTC,3989
1-523-976-5517 x686,165.1765,-14.8989,,2018-03-19 16:04:40 UTC,2018-03-19 16:04:40 UTC,3990
(063) 774-2243 x0016,31.718,25.9442,true,2018-03-19 16:04:42 UTC,2018-03-19 16:04:42 UTC,3991
878-271-4592 x9288,-146.5436,40.536,true,2018-03-19 16:04:43 UTC,2018-03-19 16:04:43 UTC,3992
739.815.0118 x23757,103.8388,-34.6228,,2018-03-19 16:04:46 UTC,2018-03-19 16:04:46 UTC,3993
251-306-3078 x58829,-74.0168,-58.8094,,2018-03-19 16:04:47 UTC,2018-03-19 16:04:47 UTC,3994
(902) 648-2754 x235,48.588,54.2542,,2018-03-19 16:04:48 UTC,2018-03-19 16:04:48 UTC,3995
(031) 624-6829,-22.0013,-51.1261,true,2018-03-19 16:04:50 UTC,2018-03-19 16:04:50 UTC,3996
1-254-907-9809,161.1494,50.7058,,2018-03-19 16:04:53 UTC,2018-03-19 16:04:53 UTC,3997
287.956.1879 x1601,18.1241,-61.3089,,2018-03-19 16:04:54 UTC,2018-03-19 16:04:54 UTC,3998
(789) 269-2961 x09106,33.3078,-68.4893,,2018-03-19 16:04:56 UTC,2018-03-19 16:04:56 UTC,3999
642.640.6474,-29.2411,40.4071,,2018-03-19 16:04:57 UTC,2018-03-19 16:04:57 UTC,4000
(958) 975-3754 x504,-25.1651,-40.6399,,2018-03-19 16:05:00 UTC,2018-03-19 16:05:00 UTC,4001
668-117-7009 x21605,67.1318,50.8734,,2018-03-19 16:05:04 UTC,2018-03-19 16:05:04 UTC,4002
1-125-469-1207 x3907,-139.1813,66.0695,true,2018-03-19 16:05:07 UTC,2018-03-19 16:05:07 UTC,4003
1-370-962-7635 x09788,146.075,32.6577,,2018-03-19 16:05:08 UTC,2018-03-19 16:05:08 UTC,4004
855.186.2195,-115.8812,53.8678,,2018-03-19 16:05:10 UTC,2018-03-19 16:05:10 UTC,4005
897.609.4841,148.0275,-35.3444,true,2018-03-19 16:05:13 UTC,2018-03-19 16:05:13 UTC,4006
(557) 193-6897,122.6353,-25.0349,true,2018-03-19 16:05:14 UTC,2018-03-19 16:05:14 UTC,4007
1-035-830-9816 x3029,-2.4895,-75.3963,true,2018-03-19 16:05:15 UTC,2018-03-19 16:05:15 UTC,4008
167-667-6412,-103.6233,23.73,true,2018-03-19 16:05:16 UTC,2018-03-19 16:05:16 UTC,4009
(272) 187-8596,-18.2719,-58.8131,,2018-03-19 16:05:20 UTC,2018-03-19 16:05:20 UTC,4010
748-265-7566 x2431,80.3505,81.31,true,2018-03-19 16:05:21 UTC,2018-03-19 16:05:21 UTC,4011
(898) 251-9398,163.4034,-85.6303,true,2018-03-19 16:05:24 UTC,2018-03-19 16:05:24 UTC,4012
1-689-369-7448,114.7668,-77.0421,true,2018-03-19 16:05:25 UTC,2018-03-19 16:05:25 UTC,4013
(936) 765-6889 x44360,-161.0114,-12.2067,true,2018-03-19 16:05:27 UTC,2018-03-19 16:05:27 UTC,4014
801.255.4714,-109.5471,19.6369,true,2018-03-19 16:05:30 UTC,2018-03-19 16:05:30 UTC,4015
1-868-534-6424,78.7133,-87.5805,,2018-03-19 16:05:31 UTC,2018-03-19 16:05:31 UTC,4016
658.768.6116 x133,-18.5148,10.3349,,2018-03-19 16:05:34 UTC,2018-03-19 16:05:34 UTC,4017
1-231-071-2176 x058,-75.7379,75.7297,,2018-03-19 16:05:36 UTC,2018-03-19 16:05:36 UTC,4018
990.589.9383,-135.6183,-43.5507,,2018-03-19 16:05:37 UTC,2018-03-19 16:05:37 UTC,4019
1-862-067-1839,65.0186,-21.1137,true,2018-03-19 16:05:38 UTC,2018-03-19 16:05:38 UTC,4020
070.065.3320,155.4352,-44.7532,true,2018-03-19 16:05:43 UTC,2018-03-19 16:05:43 UTC,4021
642.916.2598 x2878,10.2074,-56.6872,,2018-03-19 16:05:44 UTC,2018-03-19 16:05:44 UTC,4022
045.849.9339,-170.8272,57.3287,,2018-03-19 16:05:46 UTC,2018-03-19 16:05:46 UTC,4023
(878) 778-3468 x10970,-55.0662,-43.4771,true,2018-03-19 16:05:47 UTC,2018-03-19 16:05:47 UTC,4024
1-425-284-8002,49.5769,10.8493,,2018-03-19 16:05:53 UTC,2018-03-19 16:05:53 UTC,4025
(946) 750-7849 x478,151.6109,22.7989,,2018-03-19 16:05:55 UTC,2018-03-19 16:05:55 UTC,4026
389-792-4753 x20989,-18.9437,-13.9496,true,2018-03-19 16:05:56 UTC,2018-03-19 16:05:56 UTC,4027
1-667-757-0541 x2606,168.6413,54.1402,,2018-03-19 16:05:59 UTC,2018-03-19 16:05:59 UTC,4028
154-074-2979 x514,-40.5782,23.7974,,2018-03-19 16:06:00 UTC,2018-03-19 16:06:00 UTC,4029
1-326-635-1109 x929,-0.054,-1.8479,,2018-03-19 16:06:02 UTC,2018-03-19 16:06:02 UTC,4030
330.744.2951,-12.0577,-8.7459,true,2018-03-19 16:06:03 UTC,2018-03-19 16:06:03 UTC,4031
020-958-9992 x829,-119.5106,78.1671,true,2018-03-19 16:06:06 UTC,2018-03-19 16:06:06 UTC,4032
1-353-301-4345 x2865,64.4515,-41.2796,true,2018-03-19 16:06:07 UTC,2018-03-19 16:06:07 UTC,4033
1-664-271-6340 x49638,69.9311,-3.445,,2018-03-19 16:06:09 UTC,2018-03-19 16:06:09 UTC,4034
1-369-623-7491 x7944,-172.2978,-54.4694,,2018-03-19 16:06:11 UTC,2018-03-19 16:06:11 UTC,4035
(103) 071-5236,137.1071,-17.2582,true,2018-03-19 16:06:13 UTC,2018-03-19 16:06:13 UTC,4036
425-480-9781 x882,-54.1201,-14.3138,true,2018-03-19 16:06:14 UTC,2018-03-19 16:06:14 UTC,4037
569-900-9309,97.2988,48.2343,true,2018-03-19 16:06:15 UTC,2018-03-19 16:06:15 UTC,4038
1-393-721-9281 x244,175.1621,-72.8523,true,2018-03-19 16:06:20 UTC,2018-03-19 16:06:20 UTC,4039
1-092-572-2919 x458,177.3974,82.8693,true,2018-03-19 16:06:21 UTC,2018-03-19 16:06:21 UTC,4040
1-525-320-4687 x4110,119.0515,32.4588,,2018-03-19 16:06:24 UTC,2018-03-19 16:06:24 UTC,4041
1-834-562-1239 x483,80.169,-46.7745,true,2018-03-19 16:06:26 UTC,2018-03-19 16:06:26 UTC,4042
474-440-1225 x53904,-71.4922,89.7527,true,2018-03-19 16:06:28 UTC,2018-03-19 16:06:28 UTC,4043
808-047-9703 x0395,-157.0483,-22.1019,true,2018-03-19 16:06:30 UTC,2018-03-19 16:06:30 UTC,4044
(463) 301-9150 x926,28.9357,37.1625,,2018-03-19 16:06:31 UTC,2018-03-19 16:06:31 UTC,4045
502.583.9695 x188,58.0569,-64.931,true,2018-03-19 16:06:34 UTC,2018-03-19 16:06:34 UTC,4046
593.806.6695,-147.0282,-11.3774,,2018-03-19 16:06:35 UTC,2018-03-19 16:06:35 UTC,4047
(188) 740-6307 x53415,146.5911,55.8029,true,2018-03-19 16:06:37 UTC,2018-03-19 16:06:37 UTC,4048
147.932.7266,-67.6065,-69.6568,,2018-03-19 16:06:40 UTC,2018-03-19 16:06:40 UTC,4049
973-010-6142 x997,104.6166,88.5443,,2018-03-19 16:06:41 UTC,2018-03-19 16:06:41 UTC,4050
1-745-642-3108 x624,80.2192,9.4436,,2018-03-19 16:06:44 UTC,2018-03-19 16:06:44 UTC,4051
572.016.3199,108.7206,-77.666,,2018-03-19 16:06:45 UTC,2018-03-19 16:06:45 UTC,4052
016.397.4279,-55.9668,-14.7067,true,2018-03-19 16:06:48 UTC,2018-03-19 16:06:48 UTC,4053
764.205.3929,-43.6025,-13.2843,,2018-03-19 16:06:49 UTC,2018-03-19 16:06:49 UTC,4054
(211) 433-0873,-80.2515,63.1776,true,2018-03-19 16:06:52 UTC,2018-03-19 16:06:52 UTC,4055
556-332-9751 x813,-8.3765,5.9769,,2018-03-19 16:06:54 UTC,2018-03-19 16:06:54 UTC,4056
514-171-3997 x583,95.0179,-39.8298,true,2018-03-19 16:06:55 UTC,2018-03-19 16:06:55 UTC,4057
(641) 816-6109,152.7459,-42.1173,,2018-03-19 16:06:56 UTC,2018-03-19 16:06:56 UTC,4058
659.069.8739,-53.5714,-85.1674,true,2018-03-19 16:06:59 UTC,2018-03-19 16:06:59 UTC,4059
868.311.4112 x5063,169.1975,77.2763,true,2018-03-19 16:07:01 UTC,2018-03-19 16:07:01 UTC,4060
(882) 467-2705,-164.6038,-45.7042,true,2018-03-19 16:07:02 UTC,2018-03-19 16:07:02 UTC,4061
106-578-0526,-78.5003,-87.8093,true,2018-03-19 16:07:03 UTC,2018-03-19 16:07:03 UTC,4062
(127) 738-6406,-59.4148,41.6206,true,2018-03-19 16:07:06 UTC,2018-03-19 16:07:06 UTC,4063
(648) 775-9881 x5576,-122.105,20.0061,true,2018-03-19 16:07:08 UTC,2018-03-19 16:07:08 UTC,4064
(570) 281-7656 x920,149.9667,79.0712,,2018-03-19 16:07:09 UTC,2018-03-19 16:07:09 UTC,4065
(424) 185-0243 x408,-91.3377,18.3879,true,2018-03-19 16:07:12 UTC,2018-03-19 16:07:12 UTC,4066
103-030-4503,91.1869,59.7918,true,2018-03-19 16:07:13 UTC,2018-03-19 16:07:13 UTC,4067
907-993-6672,11.7327,60.6862,,2018-03-19 16:07:18 UTC,2018-03-19 16:07:18 UTC,4068
576-051-1117,47.2013,-6.1967,,2018-03-19 16:07:19 UTC,2018-03-19 16:07:19 UTC,4069
961.893.9816,-87.4231,-37.9423,true,2018-03-19 16:07:22 UTC,2018-03-19 16:07:22 UTC,4070
313.134.8700 x199,-76.3349,-29.0705,,2018-03-19 16:07:25 UTC,2018-03-19 16:07:25 UTC,4071
084-114-2594,122.3003,55.4201,true,2018-03-19 16:07:30 UTC,2018-03-19 16:07:30 UTC,4072
(074) 532-2851,-25.1654,55.1665,,2018-03-19 16:07:33 UTC,2018-03-19 16:07:33 UTC,4073
134.582.0126 x7286,12.2694,21.3379,true,2018-03-19 16:07:35 UTC,2018-03-19 16:07:35 UTC,4074
851.161.7661 x5753,-17.4946,-5.0479,,2018-03-19 16:07:38 UTC,2018-03-19 16:07:38 UTC,4075
078.893.8377 x9058,97.6991,-77.1495,true,2018-03-19 16:07:39 UTC,2018-03-19 16:07:39 UTC,4076
(068) 073-4031 x0175,-4.1768,-15.499,true,2018-03-19 16:07:44 UTC,2018-03-19 16:07:44 UTC,4077
605-242-7584 x2985,71.4641,83.3118,true,2018-03-19 16:07:45 UTC,2018-03-19 16:07:45 UTC,4078
126-574-5210 x8031,-152.592,-23.3294,true,2018-03-19 16:07:47 UTC,2018-03-19 16:07:47 UTC,4079
(366) 121-3645,-103.9246,5.8353,,2018-03-19 16:07:48 UTC,2018-03-19 16:07:48 UTC,4080
(389) 382-8692 x340,-144.2684,-60.2017,,2018-03-19 16:07:51 UTC,2018-03-19 16:07:51 UTC,4081
1-129-967-0137 x93195,42.5431,0.8524,,2018-03-19 16:07:54 UTC,2018-03-19 16:07:54 UTC,4082
650.116.2247 x7387,-110.0249,73.8929,,2018-03-19 16:07:55 UTC,2018-03-19 16:07:55 UTC,4083
(941) 353-1713,109.6201,-2.3236,,2018-03-19 16:07:58 UTC,2018-03-19 16:07:58 UTC,4084
780.160.1184,10.4987,-86.3563,,2018-03-19 16:08:00 UTC,2018-03-19 16:08:00 UTC,4085
944.523.2966,-84.655,-73.4354,true,2018-03-19 16:08:01 UTC,2018-03-19 16:08:01 UTC,4086
(200) 077-4966,130.5371,79.0228,,2018-03-19 16:08:02 UTC,2018-03-19 16:08:02 UTC,4087
1-096-204-5771 x13312,-0.5029,-53.4946,true,2018-03-19 16:08:05 UTC,2018-03-19 16:08:05 UTC,4088
(848) 350-6329 x44011,-29.5997,-74.5364,true,2018-03-19 16:08:06 UTC,2018-03-19 16:08:06 UTC,4089
(996) 590-3702,87.7426,5.8245,true,2018-03-19 16:08:09 UTC,2018-03-19 16:08:09 UTC,4090
1-056-576-1883 x05426,171.8344,-54.9175,true,2018-03-19 16:08:14 UTC,2018-03-19 16:08:14 UTC,4091
999-710-4025,60.3118,56.9821,true,2018-03-19 16:08:15 UTC,2018-03-19 16:08:15 UTC,4092
108.340.6046 x5247,-155.0321,5.7746,,2018-03-19 16:08:17 UTC,2018-03-19 16:08:17 UTC,4093
930.402.5284 x56786,-110.5937,85.0248,,2018-03-19 16:08:20 UTC,2018-03-19 16:08:20 UTC,4094
278-331-9525,-93.5476,67.6686,,2018-03-19 16:08:21 UTC,2018-03-19 16:08:21 UTC,4095
175-140-7520 x5731,111.1089,-34.7996,true,2018-03-19 16:08:23 UTC,2018-03-19 16:08:23 UTC,4096
875.428.1437 x3153,141.8419,88.2142,,2018-03-19 16:08:24 UTC,2018-03-19 16:08:24 UTC,4097
906-192-6971,-3.0188,57.8613,,2018-03-19 16:08:29 UTC,2018-03-19 16:08:29 UTC,4098
1-422-596-0847,-33.8694,47.8288,true,2018-03-19 16:08:32 UTC,2018-03-19 16:08:32 UTC,4099
620.390.8378 x085,58.4369,-1.6619,,2018-03-19 16:08:35 UTC,2018-03-19 16:08:35 UTC,4100
973.682.3759,155.2496,31.1264,,2018-03-19 16:08:37 UTC,2018-03-19 16:08:37 UTC,4101
1-829-612-7547 x946,-14.5208,11.3788,true,2018-03-19 16:08:41 UTC,2018-03-19 16:08:41 UTC,4102
885-153-0341,-8.8054,-65.5264,,2018-03-19 16:08:43 UTC,2018-03-19 16:08:43 UTC,4103
186.419.8910,-45.6292,49.4594,,2018-03-19 16:08:44 UTC,2018-03-19 16:08:44 UTC,4104
567-411-0188 x76572,39.7762,80.1142,,2018-03-19 16:08:47 UTC,2018-03-19 16:08:47 UTC,4105
232.708.0829 x8736,42.7115,56.6706,,2018-03-19 16:08:48 UTC,2018-03-19 16:08:48 UTC,4106
(320) 121-3746 x0212,6.1798,55.4363,,2018-03-19 16:08:53 UTC,2018-03-19 16:08:53 UTC,4107
1-079-307-3797 x035,144.7345,-68.7036,,2018-03-19 16:08:54 UTC,2018-03-19 16:08:54 UTC,4108
1-986-966-9241,-79.9596,82.2848,,2018-03-19 16:08:56 UTC,2018-03-19 16:08:56 UTC,4109
1-637-760-5586,-6.543,-44.0669,true,2018-03-19 16:08:59 UTC,2018-03-19 16:08:59 UTC,4110
(780) 777-2801,-166.467,-15.9667,,2018-03-19 16:09:02 UTC,2018-03-19 16:09:02 UTC,4111
(764) 894-0228 x526,83.2028,69.7419,,2018-03-19 16:09:03 UTC,2018-03-19 16:09:03 UTC,4112
686.509.6137,-115.5651,21.6135,,2018-03-19 16:09:04 UTC,2018-03-19 16:09:04 UTC,4113
843-681-2659 x22452,20.8458,73.8501,true,2018-03-19 16:09:06 UTC,2018-03-19 16:09:06 UTC,4114
1-572-915-2175,141.8303,55.035,true,2018-03-19 16:09:09 UTC,2018-03-19 16:09:09 UTC,4115
1-332-113-2737,65.8785,79.1146,,2018-03-19 16:09:15 UTC,2018-03-19 16:09:15 UTC,4116
1-073-722-5374 x129,18.3221,42.4016,,2018-03-19 16:09:17 UTC,2018-03-19 16:09:17 UTC,4117
1-536-140-5897 x3793,-0.9952,75.3384,true,2018-03-19 16:09:18 UTC,2018-03-19 16:09:18 UTC,4118
361-826-5153,13.5282,61.4765,true,2018-03-19 16:09:19 UTC,2018-03-19 16:09:19 UTC,4119
370-433-0279 x61669,-136.0175,-17.5485,true,2018-03-19 16:09:22 UTC,2018-03-19 16:09:22 UTC,4120
889.135.7513,23.406,25.7489,true,2018-03-19 16:09:24 UTC,2018-03-19 16:09:24 UTC,4121
1-301-358-7866 x15224,-61.9051,64.8723,true,2018-03-19 16:09:25 UTC,2018-03-19 16:09:25 UTC,4122
1-443-976-2417 x804,-134.6453,39.2402,true,2018-03-19 16:09:26 UTC,2018-03-19 16:09:26 UTC,4123
1-279-136-0105 x167,-99.2245,-76.5367,,2018-03-19 16:09:30 UTC,2018-03-19 16:09:30 UTC,4124
(633) 513-3876,68.9248,-48.4763,true,2018-03-19 16:09:33 UTC,2018-03-19 16:09:33 UTC,4125
1-519-443-8135 x517,81.0838,-64.8277,,2018-03-19 16:09:34 UTC,2018-03-19 16:09:34 UTC,4126
1-971-965-0559 x2802,-43.6143,86.4439,true,2018-03-19 16:09:35 UTC,2018-03-19 16:09:35 UTC,4127
983.718.1322 x9508,-98.3605,52.7341,,2018-03-19 16:09:36 UTC,2018-03-19 16:09:36 UTC,4128
814-631-1528 x960,-173.6688,70.4578,true,2018-03-19 16:09:40 UTC,2018-03-19 16:09:40 UTC,4129
092.314.9684 x937,-113.3536,-73.4946,,2018-03-19 16:09:42 UTC,2018-03-19 16:09:42 UTC,4130
507-437-7786,-130.9247,13.187,true,2018-03-19 16:09:44 UTC,2018-03-19 16:09:44 UTC,4131
461.702.7573 x006,-136.8484,2.8867,true,2018-03-19 16:09:45 UTC,2018-03-19 16:09:45 UTC,4132
(726) 726-0605,-19.3836,-28.1655,true,2018-03-19 16:09:48 UTC,2018-03-19 16:09:48 UTC,4133
282.964.6868 x6346,-75.8627,84.1125,true,2018-03-19 16:09:50 UTC,2018-03-19 16:09:50 UTC,4134
332-905-0275 x90350,170.5197,52.0083,true,2018-03-19 16:09:51 UTC,2018-03-19 16:09:51 UTC,4135
1-292-604-7894,-41.8418,41.1541,true,2018-03-19 16:09:52 UTC,2018-03-19 16:09:52 UTC,4136
655-150-9231,149.7238,36.4696,,2018-03-19 16:09:55 UTC,2018-03-19 16:09:55 UTC,4137
634.652.4853 x287,37.1302,71.743,true,2018-03-19 16:09:57 UTC,2018-03-19 16:09:57 UTC,4138
062-328-2727,95.3914,-84.51,true,2018-03-19 16:09:58 UTC,2018-03-19 16:09:58 UTC,4139
1-341-770-5413 x98373,154.9094,35.3909,true,2018-03-19 16:10:01 UTC,2018-03-19 16:10:01 UTC,4140
983-536-4865,-24.1217,11.2225,true,2018-03-19 16:10:03 UTC,2018-03-19 16:10:03 UTC,4141
024.009.0323 x4497,-82.4033,-82.9225,true,2018-03-19 16:10:04 UTC,2018-03-19 16:10:04 UTC,4142
1-041-166-0363,-100.7524,40.3686,true,2018-03-19 16:10:05 UTC,2018-03-19 16:10:05 UTC,4143
077.498.0681,175.5766,-38.6793,,2018-03-19 16:10:08 UTC,2018-03-19 16:10:08 UTC,4144
(670) 995-4570,-67.0285,86.8678,true,2018-03-19 16:10:10 UTC,2018-03-19 16:10:10 UTC,4145
300-804-8271 x3730,93.7739,13.337,,2018-03-19 16:10:13 UTC,2018-03-19 16:10:13 UTC,4146
114-684-2440 x2001,-163.317,-37.551,true,2018-03-19 16:10:16 UTC,2018-03-19 16:10:16 UTC,4147
998-248-2792,25.8065,51.0198,,2018-03-19 16:10:19 UTC,2018-03-19 16:10:19 UTC,4148
840-471-9869 x13650,-178.2708,-38.5527,true,2018-03-19 16:10:21 UTC,2018-03-19 16:10:21 UTC,4149
792.033.0094 x8525,108.9014,-66.7819,true,2018-03-19 16:10:24 UTC,2018-03-19 16:10:24 UTC,4150
(477) 901-4673 x980,-154.6315,14.8716,,2018-03-19 16:10:26 UTC,2018-03-19 16:10:26 UTC,4151
1-124-043-8774 x2845,64.7472,-59.5099,,2018-03-19 16:10:27 UTC,2018-03-19 16:10:27 UTC,4152
1-748-671-1956,38.7686,-14.4769,true,2018-03-19 16:10:30 UTC,2018-03-19 16:10:30 UTC,4153
103-542-8298 x6910,-115.7788,-27.3051,,2018-03-19 16:10:31 UTC,2018-03-19 16:10:31 UTC,4154
228-985-8778 x18640,-155.1991,-89.8937,,2018-03-19 16:10:33 UTC,2018-03-19 16:10:33 UTC,4155
103.792.5604 x7845,-60.9151,-81.3186,,2018-03-19 16:10:36 UTC,2018-03-19 16:10:36 UTC,4156
(214) 322-1480,-16.4219,18.9949,,2018-03-19 16:10:37 UTC,2018-03-19 16:10:37 UTC,4157
(355) 208-0746,-3.8209,0.1287,,2018-03-19 16:10:38 UTC,2018-03-19 16:10:38 UTC,4158
(721) 523-7557 x2242,-151.4988,17.5325,,2018-03-19 16:10:40 UTC,2018-03-19 16:10:40 UTC,4159
(874) 669-3005,-131.4807,24.4215,,2018-03-19 16:10:43 UTC,2018-03-19 16:10:43 UTC,4160
377-283-1704 x199,-91.6686,87.0877,true,2018-03-19 16:10:44 UTC,2018-03-19 16:10:44 UTC,4161
1-789-861-2288 x6481,52.9287,-3.0007,true,2018-03-19 16:10:45 UTC,2018-03-19 16:10:45 UTC,4162
546.895.5177,-16.1441,76.555,,2018-03-19 16:10:50 UTC,2018-03-19 16:10:50 UTC,4163
1-753-201-9719,-22.2587,-85.0052,,2018-03-19 16:10:52 UTC,2018-03-19 16:10:52 UTC,4164
367.516.2399 x91990,-48.1455,-78.3829,,2018-03-19 16:10:53 UTC,2018-03-19 16:10:53 UTC,4165
646-116-8716 x5807,61.6226,41.5033,true,2018-03-19 16:10:58 UTC,2018-03-19 16:10:58 UTC,4166
1-895-236-6299,13.4242,-69.5836,true,2018-03-19 16:10:59 UTC,2018-03-19 16:10:59 UTC,4167
(597) 636-9008 x2426,161.3255,50.4164,,2018-03-19 16:11:06 UTC,2018-03-19 16:11:06 UTC,4168
416.356.0289 x48226,85.7848,24.8512,,2018-03-20 18:10:55 UTC,2018-03-20 18:10:55 UTC,4169
515-237-1771 x153,-99.5829,-74.1377,true,2018-03-20 18:10:57 UTC,2018-03-20 18:10:57 UTC,4170
1-838-194-4204 x8255,101.7592,19.9677,,2018-03-20 18:10:58 UTC,2018-03-20 18:10:58 UTC,4171
1-146-120-0535 x33806,-44.3942,-56.6168,,2018-03-20 18:11:01 UTC,2018-03-20 18:11:01 UTC,4172
425-230-5774 x17128,59.901,46.8418,,2018-03-20 18:11:03 UTC,2018-03-20 18:11:03 UTC,4173
(461) 400-8448,52.0682,0.282,true,2018-03-20 18:11:04 UTC,2018-03-20 18:11:04 UTC,4174
(618) 644-9510 x224,120.6043,-29.8204,true,2018-03-20 18:11:05 UTC,2018-03-20 18:11:05 UTC,4175
711-365-3572 x21656,-173.7494,66.2196,true,2018-03-20 18:11:07 UTC,2018-03-20 18:11:07 UTC,4176
155-081-7022 x551,-134.3516,28.9673,true,2018-03-20 18:11:08 UTC,2018-03-20 18:11:08 UTC,4177
583-562-2902,-147.6188,4.2754,,2018-03-20 18:11:10 UTC,2018-03-20 18:11:10 UTC,4178
094-433-4030 x149,-57.804,46.3145,,2018-03-20 18:11:11 UTC,2018-03-20 18:11:11 UTC,4179
566.225.1814,-38.6895,24.9305,true,2018-03-20 18:11:12 UTC,2018-03-20 18:11:12 UTC,4180
529-016-3447 x1478,38.607,-15.1252,true,2018-03-20 18:11:14 UTC,2018-03-20 18:11:14 UTC,4181
739-636-7733 x018,101.1499,-10.8062,true,2018-03-20 18:11:15 UTC,2018-03-20 18:11:15 UTC,4182
1-078-510-5258 x3634,-159.7148,-34.2262,,2018-03-20 18:11:16 UTC,2018-03-20 18:11:16 UTC,4183
(921) 056-6992,-66.3575,-53.1678,,2018-03-20 18:11:18 UTC,2018-03-20 18:11:18 UTC,4184
279.451.2411 x39404,136.46,58.2961,,2018-03-20 18:11:19 UTC,2018-03-20 18:11:19 UTC,4185
507-442-7830,31.0939,11.0323,true,2018-03-20 18:11:20 UTC,2018-03-20 18:11:20 UTC,4186
1-202-178-1641 x2787,-155.9273,14.5631,true,2018-03-20 18:11:22 UTC,2018-03-20 18:11:22 UTC,4187
1-522-048-9267 x79061,-98.0355,44.7832,,2018-03-20 18:11:23 UTC,2018-03-20 18:11:23 UTC,4188
218-589-3726,-179.9766,87.8756,true,2018-03-20 18:11:25 UTC,2018-03-20 18:11:25 UTC,4189
464-546-9929 x5077,-164.3294,-38.5584,,2018-03-20 18:11:26 UTC,2018-03-20 18:11:26 UTC,4190
682-240-0754,-93.708,-1.6012,true,2018-03-20 18:11:27 UTC,2018-03-20 18:11:27 UTC,4191
930.195.1829 x02580,-143.1816,-78.5679,,2018-03-20 18:11:31 UTC,2018-03-20 18:11:31 UTC,4192
451.442.0374 x4300,1.3427,3.4723,,2018-03-20 18:11:32 UTC,2018-03-20 18:11:32 UTC,4193
(616) 222-4621 x31004,150.648,22.9529,true,2018-03-20 18:11:33 UTC,2018-03-20 18:11:33 UTC,4194
(787) 364-3571,128.6603,76.124,true,2018-03-20 18:11:35 UTC,2018-03-20 18:11:35 UTC,4195
1-217-091-0331,100.7304,12.7332,true,2018-03-20 18:11:38 UTC,2018-03-20 18:11:38 UTC,4196
157-900-4172 x357,-25.4589,-87.7294,,2018-03-20 18:11:40 UTC,2018-03-20 18:11:40 UTC,4197
804.004.2494 x538,-51.681,-30.3344,true,2018-03-20 18:11:41 UTC,2018-03-20 18:11:41 UTC,4198
480.617.0588 x1202,90.1907,-21.9134,,2018-03-20 18:11:43 UTC,2018-03-20 18:11:43 UTC,4199
1-080-146-5576,82.1149,3.809,true,2018-03-20 18:11:44 UTC,2018-03-20 18:11:44 UTC,4200
205-309-1970,77.4008,31.3564,true,2018-03-20 18:11:46 UTC,2018-03-20 18:11:46 UTC,4201
(089) 535-6130 x033,-106.2365,-38.282,,2018-03-20 18:11:47 UTC,2018-03-20 18:11:47 UTC,4202
1-115-279-1908 x739,-170.0634,54.8061,,2018-03-20 18:11:48 UTC,2018-03-20 18:11:48 UTC,4203
1-952-674-5735,-41.1589,-78.342,,2018-03-20 18:11:52 UTC,2018-03-20 18:11:52 UTC,4204
1-102-820-7060 x49021,-71.9092,-84.1223,,2018-03-20 18:11:55 UTC,2018-03-20 18:11:55 UTC,4205
(535) 166-8344 x74771,-27.7699,-5.6162,,2018-03-20 18:11:56 UTC,2018-03-20 18:11:56 UTC,4206
(692) 268-6746 x7718,-31.9,49.8621,,2018-03-20 18:11:57 UTC,2018-03-20 18:11:57 UTC,4207
1-763-930-2873 x8672,105.6993,75.3632,,2018-03-20 18:11:59 UTC,2018-03-20 18:11:59 UTC,4208
795.987.9051 x919,23.299,58.8913,,2018-03-20 18:12:00 UTC,2018-03-20 18:12:00 UTC,4209
955.075.9713,137.7378,-0.0227,,2018-03-20 18:12:02 UTC,2018-03-20 18:12:02 UTC,4210
(133) 760-5040 x3710,166.9037,36.548,,2018-03-20 18:12:03 UTC,2018-03-20 18:12:03 UTC,4211
819-587-7683 x293,-33.2457,19.9814,,2018-03-20 18:12:05 UTC,2018-03-20 18:12:05 UTC,4212
1-277-770-1664 x9778,66.4962,-9.2978,,2018-03-20 18:12:06 UTC,2018-03-20 18:12:06 UTC,4213
439.088.4422 x58605,-20.1815,61.6352,true,2018-03-20 18:12:08 UTC,2018-03-20 18:12:08 UTC,4214
(987) 766-2303 x574,67.2891,22.7215,,2018-03-20 18:12:09 UTC,2018-03-20 18:12:09 UTC,4215
053-174-3527 x0688,77.7056,88.4736,,2018-03-20 18:12:11 UTC,2018-03-20 18:12:11 UTC,4216
108-551-7077 x757,159.6751,-1.838,true,2018-03-20 18:12:13 UTC,2018-03-20 18:12:13 UTC,4217
534.179.5047,77.4064,31.608,,2018-03-20 18:12:14 UTC,2018-03-20 18:12:14 UTC,4218
1-742-276-5014 x71224,128.7743,77.7939,true,2018-03-20 18:12:15 UTC,2018-03-20 18:12:15 UTC,4219
126.732.0870 x61271,-121.3927,53.047,true,2018-03-20 18:12:17 UTC,2018-03-20 18:12:17 UTC,4220
(659) 132-0868 x081,101.8199,70.6581,true,2018-03-20 18:12:18 UTC,2018-03-20 18:12:18 UTC,4221
1-209-847-4641 x1809,-74.7718,-2.2983,,2018-03-20 18:12:21 UTC,2018-03-20 18:12:21 UTC,4222
608-194-4565 x522,8.2368,-61.7303,,2018-03-20 18:12:23 UTC,2018-03-20 18:12:23 UTC,4223
(131) 047-1949 x20688,-0.5167,69.3163,,2018-03-20 18:12:24 UTC,2018-03-20 18:12:24 UTC,4224
986.353.2313 x70095,33.6896,-10.3305,true,2018-03-20 18:12:26 UTC,2018-03-20 18:12:26 UTC,4225
(132) 231-4996 x160,120.0051,51.5586,,2018-03-20 18:12:27 UTC,2018-03-20 18:12:27 UTC,4226
(591) 469-0408 x5160,-69.0698,-40.7339,,2018-03-20 18:12:28 UTC,2018-03-20 18:12:28 UTC,4227
006-916-7110 x15218,-132.6812,-59.1026,true,2018-03-20 18:12:30 UTC,2018-03-20 18:12:30 UTC,4228
630-258-8224 x5289,-99.104,-86.4242,,2018-03-20 18:12:31 UTC,2018-03-20 18:12:31 UTC,4229
370.230.6769,-26.5775,61.6185,,2018-03-20 18:12:33 UTC,2018-03-20 18:12:33 UTC,4230
408-572-6097,-145.6245,45.364,,2018-03-20 18:12:34 UTC,2018-03-20 18:12:34 UTC,4231
(500) 799-8970 x03457,22.2829,-26.5704,,2018-03-20 18:12:36 UTC,2018-03-20 18:12:36 UTC,4232
(054) 049-9262 x240,-72.8922,1.742,true,2018-03-20 18:12:37 UTC,2018-03-20 18:12:37 UTC,4233
(235) 327-0122 x070,-130.6513,-55.7593,,2018-03-20 18:12:39 UTC,2018-03-20 18:12:39 UTC,4234
294-537-2836,-107.2976,-21.4616,true,2018-03-20 18:12:40 UTC,2018-03-20 18:12:40 UTC,4235
580.776.2256 x0092,-85.0444,-40.1004,true,2018-03-20 18:12:44 UTC,2018-03-20 18:12:44 UTC,4236
(758) 181-1798,-156.1757,0.7047,,2018-03-20 18:12:45 UTC,2018-03-20 18:12:45 UTC,4237
1-361-373-8131 x16317,110.9938,-65.0444,true,2018-03-20 18:12:46 UTC,2018-03-20 18:12:46 UTC,4238
(761) 956-7757 x5588,-107.4761,67.8174,true,2018-03-20 18:12:48 UTC,2018-03-20 18:12:48 UTC,4239
1-822-058-5393,142.4471,-38.1139,,2018-03-20 18:12:49 UTC,2018-03-20 18:12:49 UTC,4240
(492) 333-7320,169.8532,0.8954,,2018-03-20 18:12:50 UTC,2018-03-20 18:12:50 UTC,4241
277-259-9168,-6.8368,28.3454,,2018-03-20 18:12:52 UTC,2018-03-20 18:12:52 UTC,4242
1-019-176-1969,-136.309,50.4957,true,2018-03-20 18:12:53 UTC,2018-03-20 18:12:53 UTC,4243
1-401-290-5708,20.7216,-37.6775,,2018-03-20 18:12:55 UTC,2018-03-20 18:12:55 UTC,4244
(288) 064-2438 x574,-87.9712,-35.8082,true,2018-03-20 18:12:57 UTC,2018-03-20 18:12:57 UTC,4245
(570) 537-2878 x9404,-145.5463,44.7261,true,2018-03-20 18:13:00 UTC,2018-03-20 18:13:00 UTC,4246
200-103-4434 x957,17.7771,26.1641,true,2018-03-20 18:13:01 UTC,2018-03-20 18:13:01 UTC,4247
(164) 056-6508,20.2372,-48.1397,true,2018-03-20 18:13:03 UTC,2018-03-20 18:13:03 UTC,4248
554-975-7779 x03004,-43.2146,66.871,,2018-03-20 18:13:04 UTC,2018-03-20 18:13:04 UTC,4249
1-129-066-3447 x6391,78.1459,77.9635,,2018-03-20 18:13:05 UTC,2018-03-20 18:13:05 UTC,4250
(517) 159-8233 x790,-62.5158,57.9438,,2018-03-20 18:13:07 UTC,2018-03-20 18:13:07 UTC,4251
(728) 633-2259,-45.7981,53.8445,true,2018-03-20 18:13:11 UTC,2018-03-20 18:13:11 UTC,4252
1-577-418-5111 x0693,-42.2249,-84.1753,true,2018-03-20 18:13:12 UTC,2018-03-20 18:13:12 UTC,4253
(781) 117-7816 x19729,39.203,50.5703,,2018-03-20 18:13:13 UTC,2018-03-20 18:13:13 UTC,4254
998.636.1811 x944,70.4461,1.4951,,2018-03-20 18:13:15 UTC,2018-03-20 18:13:15 UTC,4255
816.361.9255,-122.838,40.1268,,2018-03-20 18:13:16 UTC,2018-03-20 18:13:16 UTC,4256
856.158.9066 x755,127.5436,-25.1992,true,2018-03-20 18:13:17 UTC,2018-03-20 18:13:17 UTC,4257
131.898.2461 x3220,-161.2989,50.9479,true,2018-03-20 18:13:19 UTC,2018-03-20 18:13:19 UTC,4258
(648) 102-1687 x1877,170.8783,68.7874,true,2018-03-20 18:13:20 UTC,2018-03-20 18:13:20 UTC,4259
1-900-593-1979 x513,163.0618,0.3599,,2018-03-20 18:13:23 UTC,2018-03-20 18:13:23 UTC,4260
828.883.8475 x3439,10.9645,-10.2201,,2018-03-20 18:13:25 UTC,2018-03-20 18:13:25 UTC,4261
1-626-007-1559,-24.6056,-67.9627,true,2018-03-20 18:13:26 UTC,2018-03-20 18:13:26 UTC,4262
890.942.5722 x57821,-156.4704,-35.4148,,2018-03-20 18:13:27 UTC,2018-03-20 18:13:27 UTC,4263
(833) 390-1500 x554,-0.7268,-48.6036,true,2018-03-20 18:13:29 UTC,2018-03-20 18:13:29 UTC,4264
829-843-0882 x9622,-13.1532,-57.1895,true,2018-03-20 18:13:30 UTC,2018-03-20 18:13:30 UTC,4265
1-428-662-9927 x871,51.8477,70.2302,,2018-03-20 18:13:32 UTC,2018-03-20 18:13:32 UTC,4266
905.887.8783 x47103,-129.231,-53.4427,,2018-03-20 18:13:33 UTC,2018-03-20 18:13:33 UTC,4267
(228) 716-1123,72.3128,-0.7738,true,2018-03-20 18:13:34 UTC,2018-03-20 18:13:34 UTC,4268
482.985.6537,-2.4151,0.4181,true,2018-03-20 18:13:36 UTC,2018-03-20 18:13:36 UTC,4269
(271) 704-3338 x8891,159.0158,-45.62,,2018-03-20 18:13:37 UTC,2018-03-20 18:13:37 UTC,4270
611-005-0167 x5559,-149.7114,-32.3377,,2018-03-20 18:13:38 UTC,2018-03-20 18:13:38 UTC,4271
(485) 834-6848,-104.2963,-19.5763,true,2018-03-20 18:13:40 UTC,2018-03-20 18:13:40 UTC,4272
630-506-5540,-63.9901,-34.7954,,2018-03-20 18:13:43 UTC,2018-03-20 18:13:43 UTC,4273
256.097.4111 x265,179.8115,80.573,true,2018-03-20 18:13:45 UTC,2018-03-20 18:13:45 UTC,4274
1-593-204-6003 x54172,-73.4093,-39.1667,,2018-03-20 18:13:46 UTC,2018-03-20 18:13:46 UTC,4275
432.019.0823 x78708,-122.8756,-3.1841,true,2018-03-20 18:13:47 UTC,2018-03-20 18:13:47 UTC,4276
(704) 400-3652 x151,-141.8442,-58.0125,true,2018-03-20 18:13:49 UTC,2018-03-20 18:13:49 UTC,4277
265-370-1728 x230,44.3512,-28.0241,,2018-03-20 18:13:50 UTC,2018-03-20 18:13:50 UTC,4278
(811) 181-8119 x054,-113.2234,-85.0327,true,2018-03-20 18:13:52 UTC,2018-03-20 18:13:52 UTC,4279
(671) 981-9903 x87527,-93.0068,74.4835,,2018-03-20 18:13:53 UTC,2018-03-20 18:13:53 UTC,4280
(514) 385-5896 x634,-61.0112,-65.3353,true,2018-03-20 18:13:55 UTC,2018-03-20 18:13:55 UTC,4281
835-248-0325 x4429,-24.0597,20.3653,true,2018-03-20 18:13:56 UTC,2018-03-20 18:13:56 UTC,4282
1-040-333-2809,-150.3021,38.1975,true,2018-03-20 18:13:57 UTC,2018-03-20 18:13:57 UTC,4283
(356) 927-8937 x007,177.2746,-35.0875,,2018-03-20 18:13:59 UTC,2018-03-20 18:13:59 UTC,4284
441-558-0314,-159.3733,-16.5365,true,2018-03-20 18:14:00 UTC,2018-03-20 18:14:00 UTC,4285
(450) 143-7611,47.976,-88.7865,,2018-03-20 18:14:02 UTC,2018-03-20 18:14:02 UTC,4286
1-749-391-1957,68.381,-33.7544,true,2018-03-20 18:14:03 UTC,2018-03-20 18:14:03 UTC,4287
(525) 575-2171,-25.941,65.661,,2018-03-20 18:14:05 UTC,2018-03-20 18:14:05 UTC,4288
(496) 745-3927 x82257,66.2924,-10.3217,true,2018-03-20 18:14:06 UTC,2018-03-20 18:14:06 UTC,4289
645-557-8909 x453,142.1587,-46.334,true,2018-03-20 18:14:08 UTC,2018-03-20 18:14:08 UTC,4290
581.803.5327 x8994,133.7353,64.1513,true,2018-03-20 18:14:09 UTC,2018-03-20 18:14:09 UTC,4291
420-136-6047 x606,-19.1461,31.3523,true,2018-03-20 18:14:11 UTC,2018-03-20 18:14:11 UTC,4292
056.484.5407 x8471,108.0492,8.799,true,2018-03-20 18:14:13 UTC,2018-03-20 18:14:13 UTC,4293
937.494.5489,-54.9072,-18.2273,true,2018-03-20 18:14:14 UTC,2018-03-20 18:14:14 UTC,4294
1-282-241-0991 x03652,-152.0841,50.7079,,2018-03-20 18:14:16 UTC,2018-03-20 18:14:16 UTC,4295
870-057-8344 x658,125.715,-35.2801,true,2018-03-20 18:14:19 UTC,2018-03-20 18:14:19 UTC,4296
(790) 176-3356 x96630,35.7879,-17.7624,true,2018-03-20 18:14:20 UTC,2018-03-20 18:14:20 UTC,4297
966-974-9742 x9990,158.682,-10.6946,,2018-03-20 18:14:24 UTC,2018-03-20 18:14:24 UTC,4298
1-146-929-7147,-119.2511,59.7644,,2018-03-20 18:14:25 UTC,2018-03-20 18:14:25 UTC,4299
499.549.5582,-9.7926,-88.1823,,2018-03-20 18:14:26 UTC,2018-03-20 18:14:26 UTC,4300
017-918-4084 x0121,-35.7057,37.023,,2018-03-20 18:14:28 UTC,2018-03-20 18:14:28 UTC,4301
(873) 803-9902 x81408,-3.2197,-72.0017,true,2018-03-20 18:14:29 UTC,2018-03-20 18:14:29 UTC,4302
158-743-2366,-123.6684,32.2731,true,2018-03-20 18:14:31 UTC,2018-03-20 18:14:31 UTC,4303
097-631-9389,-114.677,13.2825,true,2018-03-20 18:14:32 UTC,2018-03-20 18:14:32 UTC,4304
1-952-817-3619,-110.9667,-83.3444,,2018-03-20 18:14:33 UTC,2018-03-20 18:14:33 UTC,4305
127.030.7596 x26305,-110.4621,61.1837,true,2018-03-20 18:14:35 UTC,2018-03-20 18:14:35 UTC,4306
633.670.5761 x139,102.969,-31.061,,2018-03-20 18:14:37 UTC,2018-03-20 18:14:37 UTC,4307
(593) 477-6282 x70677,80.533,41.1063,true,2018-03-20 18:14:38 UTC,2018-03-20 18:14:38 UTC,4308
(257) 638-8335 x333,-167.752,-36.6572,true,2018-03-20 18:14:39 UTC,2018-03-20 18:14:39 UTC,4309
618.018.4314,28.7289,6.285,true,2018-03-20 18:14:41 UTC,2018-03-20 18:14:41 UTC,4310
690-255-6777,-25.1374,-57.5708,true,2018-03-20 18:14:42 UTC,2018-03-20 18:14:42 UTC,4311
675-981-3524,-98.6891,-38.5436,true,2018-03-20 18:14:44 UTC,2018-03-20 18:14:44 UTC,4312
1-098-257-5537 x4450,56.2051,67.7509,,2018-03-20 18:14:46 UTC,2018-03-20 18:14:46 UTC,4313
603.569.1414,-100.604,-46.5812,true,2018-03-20 18:14:47 UTC,2018-03-20 18:14:47 UTC,4314
(114) 282-8445 x004,131.1653,28.7203,,2018-03-20 18:14:49 UTC,2018-03-20 18:14:49 UTC,4315
624.487.7300,-178.1303,-66.9315,,2018-03-20 18:14:52 UTC,2018-03-20 18:14:52 UTC,4316
717-554-6765 x934,-41.0366,-47.8036,,2018-03-20 18:14:54 UTC,2018-03-20 18:14:54 UTC,4317
466.724.9594,157.0461,-35.4543,true,2018-03-20 18:14:58 UTC,2018-03-20 18:14:58 UTC,4318
069-214-8184 x90672,169.8189,-61.297,,2018-03-20 18:14:59 UTC,2018-03-20 18:14:59 UTC,4319
093.131.6272,-90.5515,-36.219,true,2018-03-20 18:15:01 UTC,2018-03-20 18:15:01 UTC,4320
902-261-1659 x24244,42.2804,27.7269,,2018-03-20 18:15:02 UTC,2018-03-20 18:15:02 UTC,4321
1-211-861-4506 x20446,95.3291,-58.0239,true,2018-03-20 18:15:04 UTC,2018-03-20 18:15:04 UTC,4322
977.977.0008 x858,142.5947,74.9994,,2018-03-20 18:15:06 UTC,2018-03-20 18:15:06 UTC,4323
(216) 525-6345 x51693,-75.4312,16.069,true,2018-03-20 18:15:07 UTC,2018-03-20 18:15:07 UTC,4324
859-616-7251 x1404,71.7714,-73.3218,,2018-03-20 18:15:08 UTC,2018-03-20 18:15:08 UTC,4325
360.854.1261 x99631,-18.5223,-7.8306,true,2018-03-20 18:15:10 UTC,2018-03-20 18:15:10 UTC,4326
091-750-9670 x065,-16.8046,41.814,,2018-03-20 18:15:11 UTC,2018-03-20 18:15:11 UTC,4327
592-831-0166 x46922,-124.9971,-62.1602,,2018-03-20 18:15:13 UTC,2018-03-20 18:15:13 UTC,4328
(641) 785-7532,80.954,-85.1854,true,2018-03-20 18:15:14 UTC,2018-03-20 18:15:14 UTC,4329
1-673-480-1094,-22.0603,-73.1509,true,2018-03-20 18:15:16 UTC,2018-03-20 18:15:16 UTC,4330
247-799-9872,-26.5431,-43.276,,2018-03-20 18:15:17 UTC,2018-03-20 18:15:17 UTC,4331
310.914.3323 x69317,-15.2298,6.699,,2018-03-20 18:15:19 UTC,2018-03-20 18:15:19 UTC,4332
968.408.9051 x669,-13.6799,-82.2793,,2018-03-20 18:15:20 UTC,2018-03-20 18:15:20 UTC,4333
015.266.3314 x202,-175.2584,-78.1812,,2018-03-20 18:15:21 UTC,2018-03-20 18:15:21 UTC,4334
1-786-342-6570 x9030,53.9219,31.8607,,2018-03-20 18:15:23 UTC,2018-03-20 18:15:23 UTC,4335
(163) 743-8298 x87886,11.41,-56.2202,true,2018-03-20 18:15:25 UTC,2018-03-20 18:15:25 UTC,4336
1-218-943-9858 x75875,179.1428,-45.1883,true,2018-03-20 18:15:26 UTC,2018-03-20 18:15:26 UTC,4337
1-377-053-1304 x93436,121.4755,82.5455,true,2018-03-20 18:15:30 UTC,2018-03-20 18:15:30 UTC,4338
(014) 936-7464,-64.6919,-24.0828,true,2018-03-20 18:15:31 UTC,2018-03-20 18:15:31 UTC,4339
855.146.4486 x6479,-41.2184,46.293,true,2018-03-20 18:15:32 UTC,2018-03-20 18:15:32 UTC,4340
1-362-236-6222 x27773,-61.6213,-70.956,,2018-03-20 18:15:34 UTC,2018-03-20 18:15:34 UTC,4341
1-968-864-9597,63.3001,26.8176,true,2018-03-20 18:15:35 UTC,2018-03-20 18:15:35 UTC,4342
1-325-309-8277,18.8321,16.8131,,2018-03-20 18:15:37 UTC,2018-03-20 18:15:37 UTC,4343
1-218-377-6447 x2577,-176.7762,60.7455,,2018-03-20 18:15:38 UTC,2018-03-20 18:15:38 UTC,4344
1-579-808-9061,71.3875,54.3837,,2018-03-20 18:15:39 UTC,2018-03-20 18:15:39 UTC,4345
1-640-359-5559 x2438,-132.1558,37.0668,,2018-03-20 18:15:41 UTC,2018-03-20 18:15:41 UTC,4346
915-078-4846 x8780,-142.084,-11.5502,true,2018-03-20 18:15:42 UTC,2018-03-20 18:15:42 UTC,4347
112-564-3997,-35.2471,-20.6699,,2018-03-20 18:15:44 UTC,2018-03-20 18:15:44 UTC,4348
498.145.0555 x986,-10.0833,19.8528,,2018-03-20 18:15:45 UTC,2018-03-20 18:15:45 UTC,4349
535-653-2612 x73220,56.1446,62.0296,true,2018-03-20 18:15:48 UTC,2018-03-20 18:15:48 UTC,4350
(797) 888-8702 x028,42.7625,52.7962,,2018-03-20 18:15:50 UTC,2018-03-20 18:15:50 UTC,4351
879.074.6942 x972,50.3629,-20.5751,true,2018-03-20 18:15:51 UTC,2018-03-20 18:15:51 UTC,4352
1-567-447-8298 x1117,41.332,11.357,,2018-03-20 18:15:53 UTC,2018-03-20 18:15:53 UTC,4353
(988) 609-3723,46.5107,39.4362,,2018-03-20 18:15:54 UTC,2018-03-20 18:15:54 UTC,4354
856.666.5081 x24127,-92.5109,39.3542,,2018-03-20 18:15:56 UTC,2018-03-20 18:15:56 UTC,4355
143.341.9090,100.2419,-10.0812,true,2018-03-20 18:15:57 UTC,2018-03-20 18:15:57 UTC,4356
1-691-309-7118 x58867,46.6361,-33.3539,,2018-03-20 18:15:59 UTC,2018-03-20 18:15:59 UTC,4357
(404) 037-4499 x92735,73.886,41.4103,,2018-03-20 18:16:00 UTC,2018-03-20 18:16:00 UTC,4358
914-356-1540 x97251,176.2486,64.3246,,2018-03-20 18:16:02 UTC,2018-03-20 18:16:02 UTC,4359
207.576.3335,95.3851,23.846,true,2018-03-20 18:16:03 UTC,2018-03-20 18:16:03 UTC,4360
340.018.8906,-171.7737,42.7116,,2018-03-20 18:16:07 UTC,2018-03-20 18:16:07 UTC,4361
1-696-666-2374,108.1045,-6.1151,true,2018-03-20 18:16:08 UTC,2018-03-20 18:16:08 UTC,4362
(419) 309-9894 x14503,155.363,-60.498,,2018-03-20 18:16:10 UTC,2018-03-20 18:16:10 UTC,4363
600.541.8264 x2527,-161.956,64.6418,,2018-03-20 18:16:11 UTC,2018-03-20 18:16:11 UTC,4364
